IDldVrMDn,11/01/17 17:30,6128186,96216,42227,30860214,b,Firefox,Mobile,0
IDFOi3gar,12/01/17 09:16,,879572,82877,67290861,b,Mozilla,Desktop,0
IDASRFu21,20/01/17 20:11,,14017,42227,43770446,d,InternetExplorer,Desktop,1
IDZxkN98d,11/01/17 20:42,,25133,6906,98830533,d,Chrome,Desktop,1
IDM0PHqfr,15/01/17 11:32,6389868,443870,13412,77318092,b,Google Chrome,Mobile,1
ID6YUnzDj,18/01/17 10:01,1154549,294370,54125,2835657,d,Google Chrome,Mobile,1
IDeGtOuS8,10/01/17 18:58,7977940,455620,40339,37135965,a,Edge,Tablet,0
IDTqA9gGU,13/01/17 17:50,7968906,382191,45620,31388981,c,Firefox,Mobile,0
IDojxJQXJ,14/01/17 08:52,9222917,720056,6906,99510044,a,,Tablet,0
IDgqIBYJY,20/01/17 15:42,2390470,913046,6906,99510044,d,InternetExplorer,,1
IDrWcZboD,12/01/17 01:00,7840940,24933,92704,93157824,d,InternetExplorer,Desktop,1
IDe0LJccb,16/01/17 17:58,7803296,191706,97863,8837581,d,InternetExplorer,Desktop,1
IDHNTktIV,18/01/17 09:11,4046571,843918,10327,74868704,b,InternetExplorer,,0
IDpSI2hjf,11/01/17 22:46,59336,836901,46450,54630329,b,InternetExplorer,Desktop,1
IDX6L6d5D,14/01/17 13:47,9027546,664192,54125,91553313,b,Edge,Tablet,0
IDuCo4hfN,17/01/17 21:56,2018643,187369,53835,26391770,c,Edge,Tablet,0
ID2uoKt1F,11/01/17 13:01,8111912,238780,48430,55420443,a,Google Chrome,Mobile,1
IDuiMmfmq,10/01/17 15:01,8862449,36614,6906,99510044,a,Firefox,Mobile,0
IDjOtItzq,18/01/17 03:52,1950009,327791,33033,36994522,e,Chrome,Desktop,0
IDONyozZR,14/01/17 13:08,4784842,72078,97863,56008048,a,Mozilla Firefox,Desktop,0
IDZHFJVfP,18/01/17 16:29,7093805,465955,84974,17488931,c,,Tablet,1
IDaJCdDKK,10/01/17 10:15,5540392,969810,43612,57517812,c,Google Chrome,Mobile,1
IDO9Trsyu,17/01/17 10:02,8481319,856276,34670,1569330,b,Edge,Tablet,0
IDVzTywSz,11/01/17 15:00,4695950,110095,835,26551485,b,Firefox,Mobile,0
IDZWUHdZy,12/01/17 14:12,,709705,1678,76900293,d,InternetExplorer,,1
IDVpeR9Oq,12/01/17 10:48,4488235,180970,54343,4237811,b,Firefox,Mobile,0
ID01KlKei,18/01/17 16:30,5387560,830637,17714,26391770,c,InternetExplorer,Desktop,1
IDJHAA1GN,10/01/17 09:10,7965020,934576,36768,78406516,b,Mozilla Firefox,Desktop,0
IDsfzwn1x,20/01/17 16:31,6905127,627917,17118,17990842,a,Google Chrome,Mobile,1
IDZZZxOLS,19/01/17 11:53,7127821,950595,45620,31388981,d,,Desktop,1
IDCGs3FH4,18/01/17 18:19,1406807,590806,20665,91553313,d,Chrome,Desktop,1
IDE77xba2,14/01/17 14:03,3933807,839426,10345,26461535,b,Mozilla,,0
IDWfMKrQD,16/01/17 16:38,2960554,191024,86652,82291592,b,Mozilla,Desktop,0
ID4wCVEr0,12/01/17 19:32,3387060,764752,6906,99510044,c,Safari,Tablet,1
IDyw2a2UU,17/01/17 11:36,9492849,725450,41640,74868704,a,Edge,Tablet,0
IDtjT31J6,17/01/17 16:15,8445478,401918,35368,58841946,b,,Desktop,1
ID7C5xEzN,20/01/17 16:25,286872,512153,54916,87903766,c,Google Chrome,Mobile,1
ID2TnMD84,15/01/17 23:10,8297917,953968,17714,61682792,b,Mozilla Firefox,Desktop,0
IDOSAcmRg,16/01/17 18:51,85697,660766,46365,16340250,b,InternetExplorer,Desktop,1
IDEYBlFm3,16/01/17 17:45,4106224,52252,73248,47079934,c,,Mobile,1
IDaexFV5f,16/01/17 10:23,8896401,703818,33638,29916445,a,Edge,Tablet,0
IDOklDz5o,20/01/17 12:17,1198246,776031,5602,48425572,a,Firefox,Mobile,0
IDVJ5bb9n,14/01/17 11:31,3955673,40017,63435,89496414,e,Google Chrome,Mobile,1
IDqJNjUrP,18/01/17 14:47,1266440,546543,17714,26391770,b,InternetExplorer,Desktop,0
ID1hN4X3D,11/01/17 18:28,9060168,221880,17118,17488931,a,Mozilla Firefox,Desktop,0
IDQW8pcr7,20/01/17 15:07,36398,49659,41706,4000296,b,Firefox,Mobile,0
ID7EjUGtX,16/01/17 16:50,5929173,13008,84974,78683718,b,Firefox,Mobile,0
IDf1Hg65U,20/01/17 10:14,2092822,704763,29183,42914671,b,Edge,Tablet,0
IDwJ3P5Pb,18/01/17 09:50,7537710,699095,12211,87903766,a,Mozilla,,0
ID1OeuCsY,16/01/17 17:02,7696252,164313,84974,78683718,c,Firefox,Mobile,0
IDbt9aUkB,13/01/17 13:29,7861095,972338,84974,58542454,e,Google Chrome,Mobile,0
IDfxQvjKy,17/01/17 08:10,882420,40073,835,26551485,b,Firefox,,0
IDKGCiKi8,12/01/17 10:04,6165582,660967,14345,555603,e,Google Chrome,,1
ID7AhhPR5,11/01/17 18:04,9239851,347298,33638,47079934,c,Mozilla,Desktop,1
ID7kSdhW6,15/01/17 13:23,623838,963807,48498,93157824,b,InternetExplorer,,0
IDJ76dU3P,18/01/17 14:53,840711,646979,87732,18481500,a,Google Chrome,Mobile,1
IDhQWrLb4,12/01/17 09:49,7415351,736569,92704,7864011,b,Internet Explorer,Tablet,0
IDTAOr3Xw,18/01/17 00:10,2211430,729758,34670,87807327,c,InternetExplorer,Desktop,1
IDz95lxI8,12/01/17 22:55,2967699,755880,71441,57977218,a,Google Chrome,Mobile,1
IDKm7u7Ev,16/01/17 15:10,,883466,40339,43452411,a,Mozilla Firefox,Desktop,0
IDgvbSQyp,16/01/17 11:47,9840890,751349,26962,77896159,d,Firefox,Mobile,0
IDeMzw6kY,17/01/17 10:33,8291855,921729,904,29916445,a,Firefox,Mobile,0
IDIDT7gXs,14/01/17 08:20,98480,267775,15912,92826840,c,Mozilla,,0
IDtu7agFm,14/01/17 10:33,2899790,628605,97863,3156697,a,Edge,Tablet,0
IDFFNiZUd,15/01/17 16:02,5040129,794035,82877,38492160,c,InternetExplorer,Desktop,1
IDCcAj37y,14/01/17 12:59,9753496,752875,15912,7864011,a,,Tablet,0
IDFIiB2zw,15/01/17 15:17,809608,722179,40339,49384126,b,Edge,Tablet,0
IDRiWXqz9,20/01/17 16:08,7483326,742213,41210,26391770,b,Firefox,Mobile,0
IDtdtWZtj,20/01/17 08:21,488057,229666,41640,41441342,a,Google Chrome,Mobile,1
IDSCZca88,14/01/17 21:27,2382035,542695,15124,99558603,f,Google Chrome,,1
ID4mREboa,18/01/17 16:40,9536533,994229,42227,49384126,a,Mozilla,,0
IDpzPyg7v,15/01/17 15:48,4444076,588585,40339,49384126,b,Firefox,Mobile,0
IDpgWyRuN,17/01/17 20:28,,679483,14345,555603,d,InternetExplorer,Desktop,1
IDb7DRfZL,16/01/17 12:13,7281579,605764,13255,7122654,c,InternetExplorer,,1
IDbBXYP4H,17/01/17 16:09,5532261,756693,34670,5016754,f,Edge,,0
IDwilsvld,10/01/17 11:55,7576271,47198,23576,16150900,f,InternetExplorer,Desktop,1
IDckWBRxH,11/01/17 07:25,8511350,578375,28971,47079934,c,InternetExplorer,Desktop,1
IDLGNB59q,13/01/17 12:19,1777756,46023,1678,83172146,d,InternetExplorer,Desktop,1
IDzD0JhAa,13/01/17 11:26,5402655,655538,41706,4000296,f,Mozilla Firefox,Desktop,0
IDlHN2XUG,16/01/17 11:43,7472144,103586,1678,95400336,f,IE,Mobile,0
IDWgi8atz,13/01/17 17:20,8655811,213167,13412,77318092,c,IE,Mobile,1
IDGdfAlKs,12/01/17 09:52,9254552,139273,42227,73900798,b,Firefox,Mobile,0
IDneho6CX,20/01/17 12:38,3976444,26572,24888,81758577,b,Edge,Tablet,0
IDQm48CM6,13/01/17 11:52,8074189,964273,23283,26391770,b,Mozilla Firefox,Desktop,0
IDnuNXKYp,17/01/17 07:33,3291446,103249,40339,43452411,a,Mozilla Firefox,Desktop,0
IDcxibkwB,11/01/17 09:54,3083565,687282,5602,42073648,c,InternetExplorer,Desktop,1
IDOcwaexg,11/01/17 02:34,6006102,24334,6906,98830533,d,Edge,Tablet,1
IDld6vkYy,17/01/17 12:49,3402361,691686,27113,57977218,a,Edge,Tablet,0
IDpAVbx3a,13/01/17 13:04,1199396,874378,70409,43770446,b,Firefox,Mobile,0
IDhnjqCl7,15/01/17 18:55,3242672,451232,34670,41475976,c,,Desktop,1
ID2sbJPq2,16/01/17 17:04,1668351,885162,15912,54526992,b,,Mobile,0
IDF6QZOvz,19/01/17 10:19,9209165,678812,56027,31388981,a,Firefox,Mobile,0
IDBVYYLnG,20/01/17 16:46,5906044,399965,40339,10518559,a,Edge,Tablet,0
IDy6zM1tz,10/01/17 13:27,6366968,454761,33638,555603,c,Google Chrome,Mobile,1
ID5ILRN2m,17/01/17 14:31,,198159,30580,67147700,b,Edge,Tablet,0
IDp0Ef4r0,17/01/17 10:11,1877442,25151,3643,555603,b,,,0
ID3yE8hR7,12/01/17 01:09,2405936,357295,82396,42296429,d,InternetExplorer,Desktop,1
IDZq1o70W,15/01/17 09:36,3724548,416023,6906,71165566,c,InternetExplorer,Desktop,1
IDSJKIfGA,10/01/17 16:07,,480104,84974,74699062,b,Firefox,Mobile,0
IDF1fXN89,20/01/17 17:29,9321555,925780,33638,78406516,a,Firefox,Mobile,0
IDWXPeMhz,20/01/17 11:03,7963978,203694,5602,72451969,d,,Tablet,0
IDtoiu0Da,14/01/17 17:26,,5552,904,29916445,c,Google Chrome,,1
ID78tDgOS,13/01/17 09:45,8992517,260484,12211,58163546,b,Firefox,Mobile,0
IDZTItpBz,14/01/17 13:48,8381006,36260,89680,20301556,b,,Desktop,0
IDub7gS0S,10/01/17 12:30,2449732,823556,6906,98830533,d,InternetExplorer,Desktop,1
IDm5h4SV0,18/01/17 10:22,2817379,242330,40339,68646414,c,Internet Explorer,Tablet,1
IDgjRr6nz,18/01/17 12:22,5410317,147087,93188,15961717,c,Google Chrome,Mobile,1
IDJB8RzFd,16/01/17 09:34,8291855,119666,904,94350426,c,InternetExplorer,Desktop,1
IDDfZSMQE,13/01/17 15:57,4749439,396380,26162,555603,c,Google Chrome,Mobile,1
IDEgr7I17,14/01/17 10:24,8429271,795571,70724,78406516,c,IE,,1
IDzNrmcX7,12/01/17 11:43,4482576,576046,40050,91553313,a,Mozilla Firefox,Desktop,0
ID63vQc8Z,13/01/17 19:46,5886893,455412,6906,99510044,c,InternetExplorer,Desktop,1
IDHreOKEZ,11/01/17 17:40,1328286,614336,61208,91553313,b,Edge,,0
IDadNCVcI,14/01/17 15:23,8301698,626543,41706,4000296,b,Internet Explorer,,0
IDiTaIJRF,16/01/17 14:04,5752878,207107,46450,91553313,b,,Tablet,0
IDUxnbsQ7,14/01/17 16:01,7351162,850820,56027,31388981,b,Mozilla Firefox,Desktop,0
IDMi6YY2x,17/01/17 21:39,,180999,34489,26391770,c,,Desktop,1
IDxLWkCvu,12/01/17 10:37,1215612,256827,40339,37135965,a,Edge,Tablet,0
IDPH7oydD,14/01/17 02:54,1687763,735489,6906,99510044,e,Firefox,Mobile,0
IDsEiRQZC,12/01/17 19:40,,776201,6906,99510044,e,InternetExplorer,Desktop,1
ID9FvM99Q,17/01/17 14:58,,50417,40339,54526992,b,Edge,Tablet,0
IDAXedUE7,17/01/17 09:39,8048904,262480,1678,52437512,a,Firefox,Mobile,0
ID63IeOQI,14/01/17 14:25,1057162,179737,45620,54630329,f,Edge,Tablet,0
IDZc1QIPS,16/01/17 11:45,5599334,1628,59164,26391770,a,Firefox,Mobile,0
ID84QAvEc,19/01/17 12:33,8398100,324966,904,26391770,c,Mozilla Firefox,Desktop,0
IDdue8yaI,15/01/17 18:07,7919216,403452,97807,29916445,c,Mozilla Firefox,,1
IDVpBPiwi,16/01/17 20:55,4669101,61819,1678,40193354,c,InternetExplorer,Desktop,1
ID3Uiys4s,19/01/17 09:17,,892571,42227,13742268,b,Firefox,Mobile,0
IDjvQcXhl,16/01/17 20:49,3716562,85291,19388,47941469,e,Google Chrome,,1
IDXvXOQWg,16/01/17 19:36,9733560,401172,33638,79906734,a,IE,Mobile,1
IDiKavf27,17/01/17 17:10,7079821,257259,23576,51854755,c,,Tablet,1
IDVZqDxn1,15/01/17 04:00,1747266,488455,6436,62201833,c,Internet Explorer,Tablet,1
IDylJl4O7,18/01/17 17:56,3410829,698910,56811,23703974,d,InternetExplorer,Desktop,1
ID0zIn2Uc,18/01/17 16:55,6747754,861481,82396,17990842,a,Edge,Tablet,0
IDRpYBWR1,10/01/17 15:45,1033529,479918,6906,98830533,c,Google Chrome,,1
IDmscTgPV,16/01/17 15:59,8119016,617282,1678,73017084,b,Mozilla,Desktop,0
IDNI9YgSE,16/01/17 08:06,5758890,40564,26966,61857025,b,Edge,Tablet,0
IDmNhEcRo,16/01/17 17:21,9068374,709291,42227,22339104,e,Edge,Tablet,0
IDOIxhzfU,17/01/17 15:06,,714826,92704,87213653,c,InternetExplorer,Desktop,1
ID1uf6RW9,16/01/17 07:37,7592663,499765,34670,20116446,f,Google Chrome,Mobile,1
IDlXvAKV0,20/01/17 08:21,5045682,855774,82877,33505809,e,,Mobile,0
IDWxYnMGe,13/01/17 06:44,9723836,660600,26162,56464503,b,Firefox,,0
IDeUFqwU2,15/01/17 12:35,8845132,737541,89522,76532649,a,Mozilla Firefox,Desktop,0
ID65lUkd1,11/01/17 22:01,3432581,475142,71441,7122654,d,Google Chrome,Mobile,1
IDP6IWCcd,14/01/17 16:56,824077,19514,71531,26391770,d,Chrome,Desktop,0
IDhD04xHW,16/01/17 17:49,9107050,109370,33949,48644561,a,Chrome,Desktop,0
IDsAklBIu,13/01/17 12:42,3149680,388555,5602,60774669,b,Firefox,Mobile,0
ID5ZmGeb0,11/01/17 18:15,8772346,328284,21407,80645978,e,Internet Explorer,Tablet,0
IDcty7qPs,17/01/17 17:07,177251,639029,40050,2835657,a,InternetExplorer,Desktop,0
IDojERfcP,14/01/17 07:21,994645,157654,79668,26461535,c,Google Chrome,Mobile,1
IDieSYYQ4,17/01/17 17:34,1160262,857724,70409,17488931,b,Edge,Tablet,0
ID2QN6lzv,16/01/17 17:14,9981460,266445,45620,31388981,f,InternetExplorer,,1
ID2t5NLu3,16/01/17 10:54,,646108,7107,82291592,c,Firefox,,1
ID8CteGZH,13/01/17 06:36,6543980,727910,97863,36994522,c,Google Chrome,Mobile,1
IDrS3ZMT7,11/01/17 19:57,3159105,20018,45620,20301556,b,Edge,Tablet,0
IDMRb8KDR,18/01/17 15:32,1901017,245989,45620,31388981,b,Mozilla Firefox,,0
ID6oyuR6E,10/01/17 17:39,3855752,880551,8675,91808273,a,Mozilla,Desktop,0
IDsTZxF2f,19/01/17 14:45,2553896,710307,40339,43452411,a,Firefox,,0
IDbQ5Dty9,11/01/17 11:01,9513546,452069,42227,96823930,a,Mozilla Firefox,Desktop,0
IDGiJkTfl,12/01/17 12:24,3498967,505156,10345,17777318,b,Google Chrome,,0
IDEzUGLOs,17/01/17 17:39,,169045,73248,61940782,a,Mozilla Firefox,Desktop,0
IDGFkHXv1,17/01/17 16:11,4951497,7029,62809,29916445,a,Mozilla,Desktop,0
IDO3JBkgD,11/01/17 18:05,2719846,92178,54916,54526992,b,Edge,Tablet,0
IDpRuYAsT,11/01/17 09:21,7215022,221009,21407,8837581,b,Edge,Tablet,0
IDbDGsBlx,20/01/17 16:58,2733703,690255,96973,62201833,e,Firefox,Mobile,0
IDUt0secd,11/01/17 13:55,4212274,378047,71531,78406516,d,InternetExplorer,Desktop,1
ID2ar22Kl,15/01/17 21:12,7872586,686054,904,26391770,e,Firefox,Mobile,0
IDKaiu9qW,18/01/17 21:04,5711710,746617,82877,38492160,c,Google Chrome,,1
IDeH1OCh0,11/01/17 11:37,8956254,59546,42227,1189152,b,Mozilla Firefox,Desktop,0
IDpmORkeD,10/01/17 17:01,3991170,246183,63392,20301556,a,Edge,Tablet,0
IDpWhxOQF,12/01/17 12:16,9030343,25853,6906,99510044,c,InternetExplorer,Desktop,1
ID1PKoPpR,17/01/17 19:32,,852579,93286,79171222,c,InternetExplorer,Desktop,1
IDmGJhNud,11/01/17 13:33,9420717,365735,14345,555603,b,Chrome,Desktop,1
IDMCFkFDo,11/01/17 08:49,8956254,704638,70409,49384126,b,Firefox,Mobile,0
IDUb5IGfK,12/01/17 10:47,5766985,545559,42227,50706198,b,Google Chrome,Mobile,0
ID7vcS0CK,13/01/17 17:26,3116598,978183,57860,23588197,b,Mozilla,Desktop,0
IDgVqAlUU,13/01/17 09:52,,451521,42227,43179292,a,Mozilla,Desktop,0
IDuHCB2L3,14/01/17 16:23,7575489,605029,6906,99510044,b,Mozilla Firefox,Desktop,0
IDKkGPL9s,12/01/17 10:41,2901601,319613,2053,2050923,b,Mozilla Firefox,,0
IDmBYdNVe,14/01/17 15:56,8882019,619606,84987,99558603,d,Internet Explorer,Tablet,1
IDrtbYf8H,11/01/17 18:18,4093306,387792,97863,36994522,e,Firefox,Mobile,0
IDbNgCtm3,12/01/17 18:35,226872,478920,5602,60774669,f,Google Chrome,Mobile,1
IDoSEAatC,10/01/17 20:26,5459259,707155,5602,60774669,c,Google Chrome,,1
IDj5SCbo8,11/01/17 19:34,9721029,664665,81229,98166279,b,Edge,Tablet,0
IDrYe4D8e,15/01/17 13:03,218236,983490,35046,54630329,d,InternetExplorer,Desktop,1
IDYBDHdcx,15/01/17 14:16,3897577,105014,904,74363610,b,Edge,Tablet,0
IDS6iwKvN,19/01/17 09:28,4370788,432269,30580,67147700,b,Firefox,,0
IDuMlT3Is,11/01/17 19:27,5126156,919028,31365,20301556,d,InternetExplorer,Desktop,1
IDAzfRUuG,12/01/17 16:33,5669672,361956,17714,29916445,b,Firefox,Mobile,0
IDdTuuel8,10/01/17 14:30,7902132,601145,3037,62689217,c,Google Chrome,Mobile,1
IDWha47Ro,11/01/17 11:37,7413439,239601,21380,41631117,d,InternetExplorer,,1
IDr3bi6jM,17/01/17 12:02,,883466,40339,43452411,d,Firefox,Mobile,0
IDhyv89tV,20/01/17 20:51,285424,291775,42227,71040875,d,InternetExplorer,Desktop,1
IDLxQPyon,11/01/17 11:27,2623853,51656,904,94350426,d,InternetExplorer,Desktop,1
IDGIFNH6b,11/01/17 08:09,,478920,5602,60774669,d,Google Chrome,Mobile,1
IDQukXHez,17/01/17 20:11,6051414,667376,97863,3156697,b,InternetExplorer,Desktop,1
IDAMPh9Yv,16/01/17 07:39,1820367,948996,15124,99558603,d,Google Chrome,,1
IDTpN3X5M,17/01/17 15:17,2268541,186571,7107,99684291,a,Mozilla Firefox,,0
ID0U4uLhR,13/01/17 17:09,9469286,562863,3643,555603,d,InternetExplorer,Desktop,1
IDc1tj7bR,18/01/17 10:06,7033740,52097,42227,54526992,b,Edge,Tablet,0
ID6zEYjn4,10/01/17 05:43,,594378,41706,4000296,b,Firefox,Mobile,0
IDWsPI8oL,10/01/17 17:45,4813674,651902,10345,33683592,a,Edge,,0
IDD0ck6cE,20/01/17 13:29,5218734,683474,34670,87807327,b,Firefox,Mobile,0
IDV1DeBqv,14/01/17 12:33,7255291,196297,20322,30860214,b,Edge,Tablet,0
IDRKNrmbS,15/01/17 20:22,3852910,892981,82877,33505809,d,InternetExplorer,Desktop,1
IDFeK5sht,15/01/17 03:21,4628584,513523,6906,99510044,b,Edge,Tablet,0
IDe0EdT5c,12/01/17 17:33,7845829,846344,5602,30432082,b,Internet Explorer,Tablet,0
IDoA37AfD,11/01/17 19:23,579955,823556,6906,98830533,c,Edge,Tablet,1
IDTj0hH8a,16/01/17 17:43,,560425,63392,1185845,b,,Tablet,0
IDVrhOTid,11/01/17 14:32,3692988,474609,48498,30860214,f,InternetExplorer,,1
IDQPJKvNP,13/01/17 10:37,1148177,886299,71642,48615529,c,,Desktop,1
IDfGir47o,18/01/17 13:42,4208923,222314,34670,5016754,c,InternetExplorer,Desktop,1
IDPsmwcmX,18/01/17 16:12,298710,145978,40339,13742268,b,Chrome,Desktop,0
IDtyvdIDm,20/01/17 10:11,7930294,292911,40339,37135965,b,Firefox,Mobile,0
IDXrrlkuK,17/01/17 16:25,1658335,92863,904,29352781,c,,,1
IDgOBFAgO,19/01/17 05:54,1012721,942451,97863,96206255,e,Firefox,,0
IDFB7NWCj,17/01/17 07:19,161419,648614,96313,70496622,b,Firefox,Mobile,0
IDQ7BdN31,14/01/17 11:13,3293504,748746,26867,20301556,b,Mozilla Firefox,Desktop,0
IDGq7nwaK,18/01/17 18:08,3194437,385093,54125,54630329,a,Safari,Tablet,1
ID8qwKYXz,14/01/17 15:17,3287072,687169,40339,37135965,a,IE,Mobile,0
IDUJVB0hp,16/01/17 17:34,4372279,239748,6906,99510044,a,Edge,Tablet,0
IDhMWgVn1,16/01/17 12:48,8771581,557409,40339,7122654,a,,Mobile,0
IDOaoVfyC,16/01/17 09:57,3694261,385597,40339,68646414,a,Edge,,0
ID2VTXLoI,10/01/17 10:52,,387004,25491,15961717,c,Google Chrome,Mobile,1
IDzbMsJb7,15/01/17 14:36,887675,824677,95113,65017662,e,Firefox,Mobile,0
IDwHuqwH4,18/01/17 15:16,4403738,754677,2053,27723861,b,Firefox,Mobile,0
IDQNObS8D,12/01/17 16:03,9800939,680467,40339,54526992,b,Edge,,0
IDrtaNcLJ,20/01/17 18:48,4687714,223996,8467,88843407,d,InternetExplorer,Desktop,1
IDCmB41mL,11/01/17 09:37,461489,534102,92902,555603,b,Edge,Tablet,0
IDOMboZhy,12/01/17 02:56,7509199,608166,45620,31388981,b,Firefox,Mobile,0
IDo6BcXPC,11/01/17 19:21,6992490,898575,48498,55358028,b,InternetExplorer,Desktop,0
IDPj4WE2f,11/01/17 11:38,5559817,972561,17714,29916445,c,,Desktop,1
IDonpsyB7,18/01/17 17:47,2119400,781731,13412,77318092,b,Google Chrome,,1
IDuMJmkqq,16/01/17 15:35,4095709,31893,835,26551485,d,Mozilla Firefox,,0
ID0am13QE,13/01/17 09:51,9052462,424070,904,58604466,a,Firefox,,0
IDoSWJPNg,15/01/17 18:53,8502400,563016,25491,79474990,a,Mozilla Firefox,Desktop,0
IDp8yXSIZ,11/01/17 17:56,500561,863705,45620,31388981,a,Mozilla,Desktop,0
IDLYsI30m,17/01/17 15:22,3585663,899472,12211,58163546,b,Firefox,Mobile,0
IDgmDMlGj,14/01/17 12:55,1880798,826268,84974,74699062,b,Chrome,Desktop,0
IDtZ7KCYT,11/01/17 16:28,6994912,359771,17714,74363610,f,Internet Explorer,Tablet,0
IDYkAHjYY,11/01/17 10:49,2902022,718351,76409,99684291,c,Google Chrome,,1
IDYoTYTEG,16/01/17 12:36,8386020,15537,54916,43526789,d,Edge,Tablet,0
IDKbLhp64,13/01/17 15:56,2296566,261066,6906,99510044,c,InternetExplorer,,1
IDGS9p5Ky,20/01/17 12:56,,553414,6906,99510044,a,Google Chrome,Mobile,0
IDOpXrwkF,16/01/17 17:32,8444048,564740,26966,2835657,b,Firefox,,0
IDLvyF811,10/01/17 12:37,9663093,919126,9764,95302954,d,InternetExplorer,,1
IDlJzlNr5,18/01/17 17:35,5250101,388376,73248,37017006,f,Google Chrome,Mobile,0
IDCCrrDkQ,16/01/17 09:01,7750860,710307,40339,43452411,d,Firefox,Mobile,0
IDQJFiepb,13/01/17 17:51,2926138,11,904,26391770,d,Opera,Mobile,0
IDWgg1sdz,10/01/17 10:18,2841643,497539,2053,36082259,e,Edge,Tablet,0
IDETtR3lW,19/01/17 21:38,2057607,486041,6906,71165566,b,InternetExplorer,Desktop,1
IDEDirEwz,15/01/17 07:39,1921865,170914,46450,54630329,b,InternetExplorer,Desktop,1
IDPkEricY,11/01/17 16:10,,132548,42227,95013373,b,Firefox,Mobile,0
IDaGZZNqI,13/01/17 10:07,,345038,48498,93157824,c,Google Chrome,Mobile,1
IDW01mwy2,19/01/17 14:50,8929699,98182,11987,16340250,e,Firefox,Mobile,0
IDCcoFW0m,19/01/17 17:05,,791581,26162,555603,d,InternetExplorer,Desktop,1
IDUtX7Ux5,11/01/17 17:10,,129282,6906,99510044,b,IE,,0
IDrn93O53,16/01/17 14:53,8988291,498318,14960,52437512,a,IE,Mobile,0
ID3SayQw8,20/01/17 13:55,,178764,54125,26120440,a,Mozilla,Desktop,0
ID8xqrNPq,17/01/17 17:50,1614867,672301,45620,31388981,a,Firefox,Mobile,0
IDrC0T54a,14/01/17 16:12,3365849,366976,82877,67290861,b,Edge,Tablet,0
IDYezmurk,17/01/17 11:02,,573938,17118,17488931,f,Edge,,0
IDiS1l613,17/01/17 06:50,960314,382869,40339,43452411,a,Edge,Tablet,0
IDDIFhtcm,20/01/17 17:26,6199738,223597,9764,37135965,a,InternetExplorer,Desktop,0
IDzbR22Oc,14/01/17 00:36,,160356,82396,35374261,c,InternetExplorer,Desktop,1
ID2mydeK7,19/01/17 17:59,1070212,594826,45620,31388981,d,Mozilla,Desktop,0
IDVjWq0EK,12/01/17 13:51,9935594,20913,2308,26391770,b,Edge,Tablet,0
IDc8w8Wkb,17/01/17 06:44,7281636,985192,33033,87807327,d,InternetExplorer,Desktop,1
ID9BrCfUS,13/01/17 08:13,1043601,879954,40339,13742268,e,Firefox,,0
IDcv3lI6F,14/01/17 09:04,6278170,7029,62809,29916445,c,InternetExplorer,Desktop,1
ID20MxAtY,20/01/17 11:53,4813496,740513,9764,37135965,a,InternetExplorer,,0
IDyyVWHKp,18/01/17 12:33,1819346,43864,25491,49384126,b,Firefox,Mobile,0
IDDN5Eq8N,12/01/17 16:44,3278036,40529,25491,49384126,e,Firefox,Mobile,0
IDXFvjtcR,16/01/17 11:09,9346297,362016,34670,87807327,c,InternetExplorer,Desktop,1
IDGOkTXwP,13/01/17 14:52,,375926,83091,29916445,a,Edge,Tablet,0
IDDPNzUkO,14/01/17 10:03,1501420,504663,12211,87903766,b,Edge,,0
IDtVK9ZO3,12/01/17 10:18,,150140,96184,57500672,c,,Desktop,1
ID0N6QBtm,12/01/17 11:58,5880766,399509,6906,98830533,c,InternetExplorer,Desktop,1
IDeGgYWv8,18/01/17 12:47,1003560,369413,82877,79906734,b,,,0
ID7OpBK1W,16/01/17 13:31,5238644,888517,49168,41631117,f,Mozilla Firefox,Desktop,0
IDk2SszFI,16/01/17 00:40,3405461,349688,26962,7122654,b,IE,,1
ID7KOwew7,11/01/17 09:02,5195736,496779,11837,56546102,c,Google Chrome,Mobile,1
IDXwdj33p,13/01/17 12:24,3954756,107863,42227,96823930,a,Google Chrome,Mobile,0
IDh40gyYz,20/01/17 17:41,599405,54640,40339,37135965,a,Mozilla,Desktop,0
IDt0uRHG1,18/01/17 11:35,228942,278660,89522,17912183,e,Google Chrome,,1
ID3dHe5Zm,12/01/17 06:13,599838,627913,6906,99510044,b,Mozilla,Desktop,0
IDYk7pMeM,14/01/17 12:07,1271320,499691,12211,55358028,c,IE,Mobile,1
IDPzjr7Oc,15/01/17 17:05,2694334,739586,5602,76683174,b,Edge,Tablet,0
ID6KXAvPW,20/01/17 09:51,7753351,167871,10345,17777318,e,Google Chrome,Mobile,0
ID4MwnJB1,15/01/17 20:48,9203562,296395,46510,26391770,c,InternetExplorer,Desktop,1
IDeyHh1V2,18/01/17 15:26,2025518,644907,98552,17990842,a,IE,Mobile,0
IDIw4qxSt,19/01/17 21:36,1661620,777403,80554,57977218,b,Opera,Mobile,1
IDbPUDk8o,20/01/17 10:50,6899804,570654,95113,65017662,a,,,0
IDCMqTcl9,19/01/17 07:23,6572003,31559,70409,43770446,c,Edge,Tablet,1
IDrmzvqwa,11/01/17 22:38,3768424,712555,6906,98830533,d,InternetExplorer,Desktop,1
IDhVKdUCq,13/01/17 15:43,2022208,305857,42227,1436904,e,Firefox,Mobile,0
ID04YgL56,14/01/17 12:41,5164158,62135,8467,87903766,b,InternetExplorer,,1
IDpXylrXX,17/01/17 13:10,5630492,628368,3643,47079934,d,Google Chrome,Mobile,1
IDxtGk04B,17/01/17 15:16,4773938,392929,33638,555603,c,Firefox,Mobile,1
IDfMiAKNg,17/01/17 15:18,2817379,242330,40339,68646414,c,InternetExplorer,Desktop,1
IDZd7VxRo,20/01/17 15:01,758324,198589,34670,69514806,c,Edge,Tablet,1
ID9Gsd5Iu,10/01/17 17:53,5982206,948148,82396,67147700,c,,Desktop,1
IDomcMvgi,20/01/17 14:31,1934520,226105,33638,78406516,f,Google Chrome,Mobile,0
IDCr7zmuQ,14/01/17 10:46,4462174,715396,904,74363610,b,,Desktop,0
ID9JHHvVt,11/01/17 16:31,2614474,110533,86652,74363610,c,InternetExplorer,Desktop,1
ID2BdZ5DG,13/01/17 15:27,386795,82095,45620,31388981,b,Opera,Mobile,0
IDIYdmViS,13/01/17 12:11,9409544,598017,1678,91553313,c,Google Chrome,,1
IDAj4RNGh,17/01/17 10:12,,908067,73248,61940782,e,Edge,Tablet,0
IDS8DayuY,18/01/17 17:30,824014,432274,70409,15961717,f,Firefox,Mobile,0
IDML7rtZj,11/01/17 14:12,4195946,842684,72276,80645978,b,InternetExplorer,Desktop,1
ID3D6j8X6,18/01/17 09:39,6278170,468407,24888,81758577,b,,Mobile,0
IDlyRt2ok,15/01/17 09:42,2374685,311162,53956,52437512,b,Mozilla,Desktop,0
IDsz8trHo,18/01/17 11:27,1315703,489320,43897,47079934,c,InternetExplorer,Desktop,1
IDqAAHeF4,19/01/17 07:47,213717,11850,80524,3151081,a,Firefox,Mobile,0
ID1vcb3Rp,13/01/17 17:51,550924,378265,61341,74363610,d,InternetExplorer,Desktop,1
IDi0uU4Zv,20/01/17 17:25,1093084,525350,99914,26391770,d,Edge,Tablet,1
IDpO59jky,11/01/17 15:53,1891392,25463,73362,67274540,b,Mozilla,Desktop,0
IDz5shSWK,11/01/17 08:19,5845898,340182,21407,1143033,e,Edge,,0
IDgmMaEEZ,11/01/17 12:36,6700552,287594,64452,59842226,c,InternetExplorer,Desktop,1
IDSwx85Cm,19/01/17 16:36,4910,718137,60316,7122654,b,Mozilla,Desktop,0
IDXcGftCf,17/01/17 17:51,5843235,984663,5602,72451969,a,Google Chrome,Mobile,0
IDiTDfBRN,16/01/17 12:57,,221709,6906,99510044,f,Mozilla,Desktop,1
IDBAv2Znx,13/01/17 17:49,4653829,939514,42227,79055697,b,InternetExplorer,Desktop,0
IDagAXzCg,13/01/17 16:24,1273789,919892,36610,29916445,a,Firefox,Mobile,0
ID4GlBCD9,15/01/17 10:37,8189709,221899,29183,42914671,c,InternetExplorer,Desktop,1
IDhqdCbIh,17/01/17 08:49,7480467,649950,79456,26391770,b,Firefox,Mobile,0
IDIcW8tEj,17/01/17 11:46,6173190,284342,11837,37229898,c,InternetExplorer,Desktop,1
IDWU7oDfA,17/01/17 13:55,4242125,145890,42227,49384126,b,Edge,Tablet,0
IDEhAC0EJ,16/01/17 08:31,5232557,829933,1678,76464134,a,Edge,Tablet,0
IDnuJIv1E,10/01/17 16:00,9846461,179893,12052,31388981,a,Edge,Tablet,0
IDUMgZ0Td,12/01/17 05:42,6430244,525956,33287,46997962,d,Google Chrome,Mobile,0
IDFh0oRWL,14/01/17 10:40,9010098,382005,68575,7122654,b,Firefox,Mobile,0
IDJeihuLZ,15/01/17 05:53,9151481,658424,41706,16943535,e,InternetExplorer,Desktop,1
IDTuS36Fw,16/01/17 09:36,,291066,21503,54630329,d,InternetExplorer,Desktop,1
ID7R3srTg,17/01/17 13:52,4903627,627457,26162,10713063,c,Google Chrome,Mobile,1
IDdYXMNC0,17/01/17 14:23,2605848,330799,8467,5716520,d,Edge,Tablet,1
IDbb8tAwH,15/01/17 09:33,5400026,976122,11837,89663643,e,Firefox,Mobile,0
IDUXbM2Lq,15/01/17 12:03,9811231,170333,45620,31388981,d,InternetExplorer,Desktop,1
ID0ib59IH,14/01/17 16:09,2609453,720955,15912,54526992,a,Firefox,Mobile,0
ID9T7BMZL,12/01/17 14:15,6680563,431916,73362,72161006,f,Edge,Tablet,0
IDh9Elh52,16/01/17 10:21,9082542,200515,87732,555603,a,Firefox,Mobile,0
IDWVWd6cZ,20/01/17 15:01,9549317,254417,6906,71165566,c,Google Chrome,Mobile,1
IDc5uxQEi,10/01/17 10:34,4465086,21539,23576,16150900,e,Google Chrome,Mobile,1
IDOoRIfCI,15/01/17 17:37,5163209,884136,82877,67290861,a,Firefox,,0
IDDQ1skj0,11/01/17 11:23,3822323,25397,42227,49384126,c,Edge,Tablet,0
IDQHHIXID,17/01/17 08:23,3657166,41728,92902,31261303,a,Edge,Tablet,0
IDfGDkNOe,13/01/17 10:45,2207800,802264,17714,74868704,c,InternetExplorer,Desktop,1
IDSKol1Jk,17/01/17 17:25,6230882,684051,50088,57977218,b,,Mobile,0
IDYSLeKym,16/01/17 14:47,8633859,874898,95113,65017662,d,Safari,Tablet,1
ID80vaL8X,15/01/17 21:24,6890700,446425,86652,82291592,c,,Desktop,1
IDfVK3FZE,11/01/17 20:36,7153532,85703,2053,27723861,d,InternetExplorer,,1
IDWr0tAOz,20/01/17 11:15,3594574,431724,33949,72749645,a,Edge,,0
IDBT21OZ4,20/01/17 07:26,5143880,82686,87732,18481500,f,Google Chrome,Mobile,1
IDT3G5qV8,20/01/17 12:01,5727650,850759,42227,96823930,a,,Desktop,0
IDA9vjRcp,13/01/17 09:19,3299132,246265,73248,37236044,e,InternetExplorer,Desktop,1
IDBFYLNrt,18/01/17 15:31,6969907,781508,93286,47079934,f,InternetExplorer,Desktop,1
IDH7qvJVb,12/01/17 13:52,7639385,589473,92704,91553313,d,InternetExplorer,Desktop,1
IDhEePrGH,10/01/17 13:11,5818556,44241,62416,5716520,b,Mozilla,Desktop,0
IDHCi3mZI,16/01/17 17:10,,954156,72276,20116446,b,,Tablet,0
IDhMMdJT6,15/01/17 20:58,5477068,373147,10345,42296429,d,InternetExplorer,Desktop,1
IDKDRiHdb,19/01/17 00:49,5095695,509562,96184,93157824,a,InternetExplorer,Desktop,1
IDpdGnKSS,12/01/17 07:47,8737679,4403,21407,37236044,a,Edge,Tablet,0
IDjC6LxIJ,19/01/17 15:56,1402501,229343,15124,99558603,b,Firefox,Mobile,0
IDliZwUFw,16/01/17 19:14,2319600,332009,87732,555603,d,InternetExplorer,Desktop,1
IDEcNkzzT,14/01/17 11:07,5905867,512381,83091,29916445,c,,Desktop,1
IDiYD6lrz,17/01/17 16:09,6083475,905642,15912,43770446,b,Edge,Tablet,0
IDDx9jkKT,12/01/17 07:04,2779033,108403,33287,37135965,f,,Mobile,1
IDDCG7xaU,11/01/17 23:24,8157405,752109,31365,20301556,d,Google Chrome,Mobile,1
IDungVVQG,12/01/17 17:37,1594968,68770,43612,74868704,b,Edge,Tablet,0
ID6gYQN8l,15/01/17 18:12,2542390,99208,52747,26391770,d,InternetExplorer,Desktop,1
IDUQrEQXU,12/01/17 15:03,4905635,890496,42227,49384126,d,Edge,Tablet,0
IDvMg6buI,12/01/17 11:07,9703109,302526,6906,98830533,c,Internet Explorer,,1
IDTaXntFH,13/01/17 15:51,1754407,665238,25491,15961717,e,Mozilla Firefox,Desktop,0
IDByq5wtd,12/01/17 12:43,8072389,453822,8467,15961717,b,Edge,Tablet,0
IDfdsoKfa,20/01/17 08:40,7930294,985880,43897,78683718,b,InternetExplorer,Desktop,0
IDWO2FnzP,11/01/17 19:09,132504,580384,84974,17488931,e,Edge,,0
IDJ0Z2Y70,10/01/17 19:14,3290968,430817,5602,72451969,c,Google Chrome,Mobile,1
IDT6drbB6,12/01/17 10:22,,211363,95113,65017662,b,Firefox,Mobile,0
IDnjJ7Atb,10/01/17 14:48,4890949,78522,2053,27723861,a,Firefox,Mobile,0
IDnt7FUSx,15/01/17 15:41,,72259,904,72297026,b,Mozilla Firefox,,0
IDg3MhzhK,10/01/17 13:43,3081186,323031,1678,51637733,a,Firefox,Mobile,0
IDM3ZbkK2,13/01/17 13:29,1117497,671044,42227,1189152,b,Mozilla,,0
IDflFbqUk,12/01/17 11:26,4298134,477177,23576,1434817,a,Edge,Tablet,0
IDV1e966g,19/01/17 14:19,5805833,630197,14960,52437512,a,Edge,Tablet,0
IDDUHZoAs,20/01/17 15:13,1921783,44362,21407,59584425,b,Edge,Tablet,0
ID7NtFWRw,10/01/17 16:22,822880,574320,46450,54630329,b,Firefox,Mobile,0
ID2bT4vyC,16/01/17 16:19,750073,715078,34670,69514806,f,Edge,,0
IDtxt2Suv,10/01/17 13:39,9128104,536177,92704,13742268,e,InternetExplorer,Desktop,1
ID7DOM79r,19/01/17 15:30,6782458,583468,54916,12817537,b,Firefox,Mobile,0
IDWPbiiUI,13/01/17 16:19,8422088,621057,7169,57977218,d,InternetExplorer,,1
IDUhBczBk,11/01/17 07:40,2691421,949662,82877,67290861,b,Safari,Tablet,0
IDaqGoiw0,18/01/17 11:15,,724613,70424,44933356,a,Mozilla,Desktop,0
IDTHvrXVo,18/01/17 03:33,1950009,922858,87895,61940782,e,InternetExplorer,Desktop,0
IDweXr48M,14/01/17 09:06,3544355,889613,93286,94930037,a,Firefox,Mobile,0
IDur9fCEE,17/01/17 10:38,2226893,932656,12052,31388981,c,Edge,Tablet,1
IDipVPyID,15/01/17 17:18,9533752,228039,11837,79474990,a,Edge,Tablet,0
IDxHLVDW4,20/01/17 02:05,5941074,345241,1678,37616751,b,Firefox,Mobile,0
IDECCNuy9,19/01/17 11:29,5661347,998128,45620,31388981,d,Google Chrome,Mobile,1
IDkn4F5rQ,18/01/17 07:54,6323535,460647,15191,92771167,c,Google Chrome,Mobile,1
ID6nyNmZX,11/01/17 16:10,5835169,905876,40339,43452411,d,Edge,Tablet,0
IDMigJwT4,16/01/17 10:31,3003417,949570,6747,1084693,c,InternetExplorer,Desktop,1
IDKY7QPut,17/01/17 06:51,9304067,522919,6906,99510044,c,Edge,,0
IDJzwiR6E,11/01/17 15:07,4081703,454415,84228,74868704,a,Firefox,,0
IDQCZy6RI,13/01/17 10:44,3068932,919622,80554,7122654,f,InternetExplorer,Desktop,1
IDleJKxTX,11/01/17 17:11,,628853,6906,98830533,d,InternetExplorer,Desktop,1
IDkmawwa2,11/01/17 11:57,6282503,880844,82877,67290861,a,Firefox,Mobile,0
IDQNDKntR,17/01/17 08:57,2576733,654175,33949,48644561,a,Edge,Tablet,0
ID77b1R8N,18/01/17 17:55,247199,833184,92704,93157824,d,Google Chrome,,1
IDWNJVaWE,13/01/17 11:11,3298470,712505,5602,43328787,b,Firefox,Mobile,0
IDi7kIJOt,15/01/17 15:47,3167118,769852,9764,13742268,f,Firefox,Mobile,0
IDSA9Yt3w,11/01/17 12:06,4944653,291683,74802,56008048,f,IE,Mobile,0
IDbE2dAyJ,17/01/17 06:34,,520841,68947,89663643,e,Google Chrome,Mobile,1
ID4w9NoTQ,11/01/17 09:24,6470324,579123,41640,74363610,b,Edge,Tablet,0
IDX8urJ9b,10/01/17 19:29,4429609,161968,42227,95013373,c,InternetExplorer,Desktop,1
ID4cDRPeN,10/01/17 18:12,1512420,996750,93286,9434818,b,Firefox,Mobile,0
IDXTfa1P9,10/01/17 13:41,6526055,687331,9764,30860214,c,Google Chrome,Mobile,1
IDm6zDROs,20/01/17 04:30,,373070,99178,6171136,c,Google Chrome,Mobile,1
IDW5UDzWH,16/01/17 10:09,2005202,922267,42227,70821774,b,Google Chrome,Mobile,0
IDtNcvlPA,12/01/17 10:22,502354,100298,6906,98830533,a,Mozilla Firefox,Desktop,0
ID52ocZhR,12/01/17 11:10,1357699,175309,48430,55420443,e,InternetExplorer,Desktop,1
IDY5F5tlW,19/01/17 16:41,4905683,855051,2053,91553313,c,InternetExplorer,Desktop,1
ID83B5MNz,11/01/17 16:35,3223223,834944,21380,61926944,b,InternetExplorer,Desktop,1
IDH2WzRxB,12/01/17 19:25,9264749,419684,904,29916445,a,Edge,Tablet,0
IDIux4pZk,15/01/17 18:55,8639984,367766,73248,49384126,f,Mozilla Firefox,Desktop,0
ID1nMXtVi,18/01/17 12:50,7491585,250043,1678,51637733,d,InternetExplorer,Desktop,1
IDaJwzuQp,14/01/17 11:07,542878,253634,46450,47079934,b,Mozilla,Desktop,0
IDNfp8mab,11/01/17 19:04,4974141,187621,10345,26461535,b,Firefox,,0
ID9MMRggH,17/01/17 14:14,4079270,818159,26162,555603,e,Firefox,,0
ID6bH9iA6,20/01/17 12:11,7043385,43541,26162,555603,c,Google Chrome,Mobile,1
ID8mapRO1,20/01/17 12:54,4411105,149608,6906,71165566,e,Firefox,Mobile,0
IDRptjHPB,13/01/17 17:15,6034784,57430,40339,1436904,b,Firefox,Mobile,0
IDqv1VNtm,11/01/17 13:33,6454843,278322,71531,58604466,d,IE,Mobile,1
IDZWqowld,12/01/17 18:10,5635679,480708,80554,7122654,b,Edge,Tablet,0
ID4Il0oJe,11/01/17 04:11,5056021,883466,40339,43452411,a,Firefox,Mobile,0
IDaNgAuUi,19/01/17 11:56,6776258,440830,56027,54630329,a,Firefox,Mobile,0
IDkZuPHCK,14/01/17 11:09,293037,116086,34670,41475976,c,InternetExplorer,Desktop,0
IDNGvnn0M,18/01/17 15:52,623838,547634,33287,91808273,a,Edge,Tablet,0
IDjvvnIvk,20/01/17 21:15,801171,532609,6906,71165566,c,Firefox,Mobile,1
IDtqRUVRk,12/01/17 11:40,7027758,236930,8467,56546102,e,Edge,Tablet,0
ID7QM00Jn,20/01/17 08:42,2573866,591349,904,26391770,c,Google Chrome,Mobile,1
ID4F3gTrm,11/01/17 16:39,9072241,532405,17714,74363610,d,Firefox,Mobile,0
IDU5v3Km1,17/01/17 13:57,1637229,492810,40339,71040875,e,Edge,Tablet,0
IDrCzXhqT,10/01/17 18:26,,202675,17118,15961717,b,Edge,Tablet,0
IDqcSgvac,16/01/17 14:47,8173104,32183,40339,43452411,b,Firefox,Mobile,0
IDpRRQAdT,15/01/17 10:17,6072324,449500,98552,12799637,d,InternetExplorer,Desktop,1
IDH1iT9Dm,15/01/17 14:45,,761662,25516,30860214,c,Google Chrome,Mobile,1
IDfpdzDvS,12/01/17 16:53,9708292,291200,64452,92640312,b,Firefox,Mobile,0
IDPWZUujE,12/01/17 11:36,3542332,759131,50088,57977218,a,Mozilla Firefox,Desktop,0
IDvKPhLAt,11/01/17 14:24,8544718,303186,60316,2050923,d,Mozilla Firefox,Desktop,1
IDDElIlx1,12/01/17 17:02,2781892,786577,6906,99510044,c,IE,Mobile,1
ID9F5C5Wj,15/01/17 15:47,4768457,501908,17714,91553313,b,Firefox,,0
IDWmMqVoM,14/01/17 11:21,8538828,947021,97863,87807327,b,Edge,Tablet,0
IDFj09sJT,18/01/17 11:35,8691172,739915,26849,50706198,d,InternetExplorer,Desktop,1
IDn7pw0Xk,11/01/17 15:03,393763,479611,48498,77046603,a,Edge,Tablet,0
IDVoe1uNI,15/01/17 17:17,610186,260067,41706,4000296,b,Edge,Tablet,0
IDXCDBZ1h,20/01/17 14:57,1981485,456755,46955,27723861,b,Firefox,Mobile,0
IDK5rQbm0,14/01/17 11:12,,572252,84987,7181598,c,Mozilla Firefox,Desktop,0
IDZ4z6QeA,15/01/17 17:15,6522384,612422,42227,13742268,a,Mozilla Firefox,Desktop,0
IDiLXQLFf,17/01/17 11:41,358330,220316,7126,7122654,d,InternetExplorer,,1
IDWLkS7Ut,15/01/17 10:01,1466152,449812,50088,57977218,b,Firefox,Mobile,0
IDYow1Muu,14/01/17 14:11,3161860,194899,54916,12817537,b,Edge,Tablet,0
IDAcUJS3G,13/01/17 12:12,2146988,90393,33638,29916445,f,Edge,Tablet,0
IDEE5AOXh,10/01/17 14:07,9321865,231427,17714,26391770,c,InternetExplorer,Desktop,1
IDip8pLc1,18/01/17 17:34,3853866,929819,97863,3156697,a,Mozilla,Desktop,0
IDuyVrCqi,10/01/17 09:58,8618606,656056,71441,7122654,b,Firefox,Mobile,1
IDdagaOua,11/01/17 12:34,9228269,546550,50584,35930802,c,Chrome,Desktop,1
IDbJSvH4Y,16/01/17 16:06,8640281,822910,33287,57977218,f,Mozilla,,0
IDabT9RA7,13/01/17 13:08,1628127,159006,904,58604466,d,InternetExplorer,Desktop,0
IDhU4DjcB,16/01/17 18:18,7932248,74893,95113,65017662,c,InternetExplorer,,1
IDyPJqjeV,12/01/17 02:07,,996260,98552,17990842,d,Firefox,,0
IDBuJLaUi,11/01/17 14:08,1668130,147673,96184,93157824,b,Google Chrome,Mobile,0
IDF8R6Yei,19/01/17 13:07,2492649,744515,33287,91808273,a,Firefox,Mobile,0
IDEsA6qUY,19/01/17 16:50,2673485,251531,64452,77068781,c,InternetExplorer,,1
IDnXn7wqQ,18/01/17 08:59,2765416,309567,43897,66240359,e,InternetExplorer,Desktop,0
IDF4Yxo7M,11/01/17 21:23,9688401,544618,82396,17990842,f,Google Chrome,Mobile,1
IDqipSopW,16/01/17 13:31,87022,260571,62416,54526992,b,,Mobile,0
IDwqilyXy,20/01/17 13:58,5978590,105339,14345,555603,e,Firefox,Mobile,0
IDF4L37aP,11/01/17 02:53,7264122,773280,84144,42158923,b,Edge,Tablet,0
IDGty5qNH,14/01/17 16:26,4865007,362901,81229,43770446,b,Edge,Tablet,0
ID7kFjmdD,20/01/17 15:29,6668109,71075,42227,48913006,b,,Tablet,0
ID1u0pbAC,17/01/17 15:33,6562346,54531,40339,71040875,b,Firefox,Mobile,0
IDlvOsNn2,20/01/17 12:56,925332,328298,40339,43452411,b,Firefox,,0
IDBqT56Fa,13/01/17 22:59,268879,60704,46450,47079934,d,InternetExplorer,Desktop,1
IDbz6F4kn,14/01/17 20:24,8542396,78467,68947,81968512,d,Google Chrome,Mobile,1
IDGPGhUvl,14/01/17 09:05,9688010,99725,6906,99510044,f,InternetExplorer,Desktop,0
IDZVCfKky,16/01/17 07:37,7894686,161456,54343,3638268,d,Mozilla Firefox,Desktop,0
IDS0rUpIv,15/01/17 14:52,2772576,109785,904,94350426,c,Google Chrome,Mobile,1
IDaRpW1Ig,11/01/17 17:56,7642593,984253,76239,99096064,d,,Desktop,1
IDckGeWn1,16/01/17 17:41,8553419,136785,5393,2835657,f,Edge,Tablet,0
IDu6ftnsV,20/01/17 10:42,2627839,70407,97863,3156697,e,Google Chrome,Mobile,0
ID2e4Deuk,13/01/17 12:07,,206156,54916,43526789,b,InternetExplorer,Desktop,0
IDofcsE7H,12/01/17 09:51,5266579,385568,14345,555603,c,InternetExplorer,Desktop,1
IDiUev3of,15/01/17 16:09,5372838,892357,1678,83172146,b,Firefox,Mobile,0
IDrg36tzP,10/01/17 23:26,2395110,48357,41706,4000296,c,InternetExplorer,,1
IDQ6PQ3g6,20/01/17 15:21,8202790,850040,14345,8958548,a,Internet Explorer,,1
IDcsJFihH,10/01/17 22:03,8678587,51340,68947,7864011,f,Safari,Tablet,1
IDJ1GwCyA,17/01/17 10:13,4688801,485576,34670,2835657,b,Firefox,Mobile,0
IDdlMbO6t,10/01/17 20:05,307512,926288,54916,12817537,d,InternetExplorer,Desktop,1
IDwfVDtzI,10/01/17 13:07,3382987,244752,92704,93157824,e,Mozilla,Desktop,1
IDZaQudiZ,11/01/17 14:03,7381162,41529,6906,99510044,d,Google Chrome,Mobile,1
IDgIPMBEm,11/01/17 10:22,4938175,426991,70409,83644272,c,IE,Mobile,1
ID4SCVqUK,10/01/17 14:30,5966075,852730,71441,7122654,b,Firefox,Mobile,0
ID4ekZQYQ,20/01/17 13:37,,790274,71642,83175152,a,Mozilla,Desktop,0
IDWF3gLDC,13/01/17 21:42,,531171,43612,41441342,a,Google Chrome,Mobile,1
IDVnWO4w0,20/01/17 14:37,4117744,467695,33638,47079934,b,Edge,Tablet,0
IDKqGPGf2,20/01/17 23:18,8896101,871032,35046,31388981,d,InternetExplorer,Desktop,1
IDDoFv2ew,17/01/17 15:24,,971144,97103,25497095,c,InternetExplorer,Desktop,1
ID8PNHVZ0,14/01/17 10:06,1011570,655548,41706,60761242,f,InternetExplorer,Desktop,1
IDi0urrHa,12/01/17 03:02,3364215,159496,53956,52437512,e,Mozilla,Desktop,0
IDmIfeXuY,13/01/17 08:28,790013,686130,17714,74363610,a,,Mobile,0
IDZykU5FS,15/01/17 10:34,8727822,658031,42227,30860214,d,InternetExplorer,Desktop,1
IDxHuToXp,17/01/17 21:10,,671676,64452,36951426,d,InternetExplorer,Desktop,1
IDoEMCa8W,14/01/17 20:14,5451613,564540,8467,88843407,c,InternetExplorer,Desktop,1
IDtuLUZv7,14/01/17 16:41,2470421,300303,40339,37135965,a,Firefox,,0
IDms9E4RF,18/01/17 12:19,9415111,798399,74802,82291592,c,Google Chrome,Mobile,1
IDLykSdI2,18/01/17 16:52,4319060,820195,73248,83960204,d,InternetExplorer,Desktop,1
IDnZdqAkf,16/01/17 12:30,2860282,550575,40339,43452411,f,Mozilla,Desktop,0
ID6hJIeHf,15/01/17 15:23,6290597,913046,6906,99510044,e,InternetExplorer,Desktop,1
IDutiJWx0,13/01/17 12:43,4849850,879442,82877,38492160,c,Google Chrome,Mobile,1
ID4ty6Jno,16/01/17 06:54,8314723,673191,835,51637733,a,Edge,Tablet,0
IDNBCWpN2,13/01/17 16:36,9778379,877247,49810,29916445,c,InternetExplorer,Desktop,1
IDKtH0Die,15/01/17 08:25,9653725,362484,9764,43179292,c,Google Chrome,Mobile,1
IDE0y68PI,13/01/17 11:12,3118202,17071,97863,3156697,f,Edge,Tablet,0
IDFPAuCkz,14/01/17 02:48,9931512,912168,904,20301556,b,Edge,Tablet,0
IDSw1C8hs,19/01/17 17:51,9154801,300074,80554,7122654,c,Chrome,Desktop,1
IDNi7laRE,15/01/17 18:04,6954201,845883,5445,58604466,d,Firefox,Mobile,0
IDbUgoHph,15/01/17 05:09,,418920,95113,92640312,a,Mozilla,Desktop,0
IDYm7hdOC,17/01/17 20:05,3136238,767822,82877,38492160,f,Firefox,,1
IDSgknMaV,14/01/17 17:51,7250858,810131,72276,87807327,d,InternetExplorer,Desktop,1
IDWFgYmjx,16/01/17 08:52,2005202,182520,40339,49384126,b,Edge,Tablet,0
IDei0kJin,19/01/17 10:37,3459516,946841,24888,1143033,c,,Desktop,1
IDsPf0SJV,10/01/17 16:41,3084763,479106,54916,12817537,c,Google Chrome,Mobile,1
IDZU66b3r,20/01/17 17:02,1026874,374440,45620,31388981,b,Edge,,0
IDmHcPm5b,18/01/17 14:40,9252919,410762,53956,14065822,e,Google Chrome,Mobile,1
IDnxkarkJ,12/01/17 10:59,4756079,236578,36768,87470165,d,InternetExplorer,Desktop,1
IDHVJ8Mz5,18/01/17 10:53,3582169,185285,74711,74868704,c,Chrome,Desktop,1
IDsHE4luK,14/01/17 12:54,,7029,62809,29916445,b,Firefox,,0
IDnsewTTg,20/01/17 15:13,1496835,993035,21380,80720921,f,Chrome,Desktop,0
IDH9D2h5I,13/01/17 15:28,,598002,64452,87726715,a,Firefox,Mobile,0
IDBFZgJR6,12/01/17 12:08,714259,194476,40339,37135965,c,Google Chrome,Mobile,1
IDBDuN4hW,20/01/17 11:15,1761142,977382,21407,59584425,b,Edge,Tablet,0
ID2FmQXQf,16/01/17 06:57,1455668,476987,6747,91553313,e,Mozilla,,0
IDiHidzVI,16/01/17 22:12,8685307,959414,46955,74868704,c,Google Chrome,Mobile,1
IDLefjE1N,17/01/17 14:47,4939736,624175,42227,22419907,b,Edge,,0
IDPwaSywq,13/01/17 09:21,9036588,544776,93286,52437512,d,Firefox,Mobile,0
IDtOpGsI0,10/01/17 10:23,,452714,95113,65017662,b,Mozilla,Desktop,0
ID6CV24sj,20/01/17 16:21,8381006,915183,82877,38492160,b,Firefox,,0
IDEXOUaoa,14/01/17 11:45,2464091,671640,56811,15961717,b,Edge,Tablet,0
IDHJl6BMC,11/01/17 14:54,9940117,875362,82877,54692138,f,Firefox,Mobile,0
IDuN0A7nk,16/01/17 09:04,8663299,3619,17714,26391770,f,Google Chrome,Mobile,1
ID0iYGPz3,18/01/17 15:18,,823542,5602,72451969,b,Firefox,Mobile,0
IDSJJuDP0,12/01/17 15:51,2807837,612787,904,74363610,b,Mozilla Firefox,Desktop,0
IDJm78OR7,20/01/17 16:03,1981010,801984,83091,83175152,d,Edge,Tablet,0
IDf6lCSDc,20/01/17 11:19,8998939,81354,95113,65017662,c,Google Chrome,Mobile,0
ID86WlOzV,14/01/17 08:42,9772568,148549,70409,47941469,b,,Desktop,0
IDDyYBhtK,10/01/17 18:16,9053845,318949,93286,26989642,a,Edge,Tablet,0
IDkCo3beg,11/01/17 14:17,,655675,40339,37135965,a,Mozilla Firefox,Desktop,0
IDD8QwCaS,10/01/17 07:36,7078044,484386,82877,26120440,b,,Tablet,0
IDeM1RujP,14/01/17 15:05,8657918,741866,6906,99510044,c,Google Chrome,Mobile,1
IDZbqAAsR,15/01/17 19:11,,334224,46450,47079934,d,InternetExplorer,Desktop,1
IDYvtmAIV,11/01/17 00:11,4130606,237397,48430,55420443,a,,Mobile,1
IDA0IUUNw,18/01/17 10:18,,428849,92704,95441506,b,Edge,Tablet,0
IDLRqxK9E,19/01/17 09:33,8498590,273348,11837,79474990,c,Firefox,,1
IDoZyaQM0,18/01/17 13:33,,682095,83091,26391770,c,InternetExplorer,Desktop,1
ID4cyQQa9,14/01/17 09:21,6928955,143961,36768,555603,e,Edge,Tablet,0
IDCaOFIE1,18/01/17 13:35,181361,710307,40339,43452411,f,Edge,Tablet,0
IDkw4t1Af,18/01/17 12:32,6413757,686765,21380,80720921,c,Google Chrome,Mobile,1
IDdBkwSbU,19/01/17 14:19,5805833,36330,14960,87807327,f,InternetExplorer,Desktop,0
ID5sIVg4O,13/01/17 01:38,3637390,534967,40050,4025337,c,InternetExplorer,,1
ID8YcS2dT,16/01/17 09:31,3832640,89181,73248,43770446,c,Edge,Tablet,0
IDNX6zXJo,11/01/17 00:10,5837173,921202,904,94350426,b,Internet Explorer,Tablet,0
IDk5wsF30,11/01/17 11:55,1950274,995254,6906,99510044,b,Mozilla,Desktop,0
IDk84hogr,18/01/17 09:26,2797042,837689,17118,21153737,b,Edge,,0
IDdYfwHub,14/01/17 15:51,7954659,704410,56811,23703974,e,Firefox,Mobile,0
IDdfATbGR,13/01/17 04:34,5091382,612787,904,74363610,f,Mozilla,Desktop,0
IDBTv665R,16/01/17 19:05,4854806,519056,33638,27723861,c,IE,Mobile,1
IDh3bEoY7,13/01/17 13:25,142764,666091,41640,41441342,a,Mozilla Firefox,Desktop,0
ID4rfn8z1,13/01/17 08:41,7080505,511052,3037,55358028,f,Firefox,Mobile,0
IDM8FmFPQ,19/01/17 16:50,6768773,785831,40339,7864011,d,Mozilla Firefox,Desktop,0
IDXkpMbjp,17/01/17 10:23,689866,548704,44388,29916445,b,Firefox,Mobile,0
IDvnJ3TKw,16/01/17 14:43,6621695,658346,904,16340250,e,Mozilla,Desktop,0
IDrmyK8cQ,10/01/17 07:00,6884238,88657,88179,74363610,e,InternetExplorer,,1
IDvdkMgft,18/01/17 16:47,,359588,40339,43452411,e,Edge,Tablet,0
ID77xvvIh,15/01/17 12:19,8658757,389757,53956,52437512,c,Mozilla,Desktop,0
IDHdNP7KG,20/01/17 02:47,,832986,84987,17990842,b,Mozilla Firefox,Desktop,0
IDk9psRiv,13/01/17 16:05,6959317,355305,73248,57777528,c,InternetExplorer,Desktop,1
IDRhPpDRZ,15/01/17 14:51,1998138,288185,92704,64322853,c,InternetExplorer,Desktop,1
IDnaFaKLh,16/01/17 11:01,238506,806511,48498,7864011,a,IE,Mobile,0
IDhvcLhhp,15/01/17 13:05,4152374,819081,73362,67274540,a,InternetExplorer,Desktop,1
IDWuLerpU,17/01/17 13:40,3751699,562361,1678,74868704,d,Google Chrome,Mobile,1
ID3ibjyyw,10/01/17 11:58,715764,229019,45620,31388981,c,Google Chrome,Mobile,1
IDtZi5Wcm,14/01/17 13:35,,780849,34670,20116446,a,InternetExplorer,Desktop,0
IDoJu5PNO,14/01/17 09:46,4066020,360140,41640,74363610,c,InternetExplorer,Desktop,1
IDh7wJzL4,12/01/17 12:41,5740665,754119,23283,26391770,b,,Desktop,0
IDz2XQgAZ,10/01/17 09:31,4289761,863049,33287,4025337,c,Google Chrome,,1
ID2k2yiTb,20/01/17 06:55,5306746,893846,42227,1189152,a,Edge,Tablet,0
IDfscceY8,17/01/17 17:47,998487,187415,8467,37236044,b,Edge,Tablet,0
IDkQIyfB8,15/01/17 15:05,3138763,468021,48498,51545768,c,Firefox,Mobile,0
IDFOL8fRe,16/01/17 10:48,5979476,407453,17118,17488931,c,InternetExplorer,,1
IDwGHsnZg,12/01/17 13:12,7681203,581963,904,74363610,b,Edge,Tablet,0
IDr8mKEMA,19/01/17 17:09,4183443,685359,12211,58163546,f,InternetExplorer,,0
IDiiMiuCv,12/01/17 18:26,818353,69330,17714,74363610,b,Firefox,,0
IDXmCi3es,15/01/17 21:09,3612495,314893,45620,31388981,e,Google Chrome,Mobile,1
IDURUaa5a,13/01/17 14:51,4637005,876194,904,20301556,a,Firefox,Mobile,0
IDIyv6tiJ,17/01/17 15:47,8508619,821112,1678,76464134,c,Internet Explorer,Tablet,1
IDyCrmdNr,11/01/17 14:06,5941697,304065,82396,16150900,b,Edge,Tablet,0
IDsqSssXI,16/01/17 12:27,2761700,409619,80554,77896159,b,Firefox,Mobile,0
IDyjD5NGl,16/01/17 09:09,1856476,214449,17118,555603,b,Firefox,Mobile,0
IDJK8KMUB,16/01/17 12:23,,647138,25516,77046603,a,InternetExplorer,Desktop,1
ID13b67D1,16/01/17 18:50,6115054,690348,6906,99510044,a,Google Chrome,Mobile,1
IDdnxnQBG,19/01/17 09:44,9677871,637952,82877,38492160,c,InternetExplorer,,1
IDpX1XHB2,11/01/17 12:06,3072054,655805,6906,98830533,f,Firefox,Mobile,1
IDxt6pNH6,14/01/17 12:52,5263178,32699,45287,26391770,d,Firefox,Mobile,0
IDg4hYc84,18/01/17 16:58,2488024,502670,7169,26391770,b,Mozilla Firefox,Desktop,0
ID9LhIGer,18/01/17 16:14,4160287,796454,97863,56008048,a,Firefox,Mobile,0
IDKYeNifB,10/01/17 15:01,5334865,611869,64452,59842226,c,Google Chrome,,1
IDs3a8Yfu,18/01/17 09:16,1146325,427797,56027,65927519,c,Google Chrome,Mobile,1
IDab0EUfw,11/01/17 19:27,1807051,89496,73248,61940782,a,Chrome,,0
IDfjZgefo,16/01/17 17:00,9054513,705346,41706,4000296,b,Firefox,Mobile,0
IDyT8s7si,15/01/17 18:55,647672,347830,3037,62689217,c,InternetExplorer,,1
IDoU7cMiH,15/01/17 11:40,9929337,438850,17714,74363610,b,Firefox,Mobile,0
IDWr3yr8q,13/01/17 10:02,,949351,15124,11945063,a,Edge,Tablet,0
IDEoze3di,14/01/17 16:34,9437029,325989,70409,43770446,c,InternetExplorer,Desktop,1
ID3P7Yakj,10/01/17 12:15,7024840,19576,3037,55358028,b,Firefox,,0
ID6kia2ge,17/01/17 14:41,2726856,137862,97863,96142930,f,Firefox,Mobile,0
IDnA5xFGM,16/01/17 13:08,3752409,567091,84987,15961717,b,,,0
IDhu6nAzy,13/01/17 17:21,5620591,75050,37815,74363610,d,InternetExplorer,Desktop,1
IDqDxLT2o,16/01/17 14:39,918844,565775,82877,67290861,b,Firefox,Mobile,0
IDmMPb3E1,19/01/17 17:45,4325478,768502,82877,79906734,c,InternetExplorer,,1
IDpKbyDdf,16/01/17 07:59,9253704,27736,33638,555603,d,Mozilla Firefox,Desktop,1
ID4pUqSEe,13/01/17 09:22,3801148,845837,904,94350426,a,Firefox,Mobile,0
IDtriYXZx,13/01/17 10:42,226393,591626,40339,7122654,d,InternetExplorer,,1
IDpZAcel2,17/01/17 14:42,4004907,139711,40339,5675575,e,Firefox,Mobile,0
IDt5dTe5R,12/01/17 06:08,2739523,81843,20322,95302954,c,Safari,Tablet,1
IDJ2RbIjp,10/01/17 10:03,7971147,752765,74263,94350426,f,Google Chrome,Mobile,1
IDMALPQZ1,10/01/17 23:25,3308883,757234,6906,98830533,f,InternetExplorer,Desktop,1
IDmmtXCJi,17/01/17 14:35,7930294,54549,42227,95013373,e,Firefox,,0
IDDqsPhA1,17/01/17 13:59,,592093,46955,66266506,c,InternetExplorer,Desktop,1
IDnPfriWv,14/01/17 16:17,,49075,8467,99558603,b,Firefox,,0
IDjUyUV4w,16/01/17 14:58,4898728,888010,95113,65017662,a,Firefox,Mobile,0
IDmmp7tda,18/01/17 08:07,2162315,332242,40339,43452411,a,Mozilla Firefox,Desktop,0
IDSNPLbm4,11/01/17 18:49,6557759,51455,40339,13742268,b,Edge,,0
IDIPAo7Qo,13/01/17 15:06,6511551,113069,17714,74363610,e,Mozilla Firefox,Desktop,0
IDy2DKeZJ,19/01/17 20:02,6291289,649152,14345,51399891,d,InternetExplorer,Desktop,1
IDKbGt2FW,12/01/17 06:28,4600640,533787,21407,1064733,c,Google Chrome,Mobile,1
IDqCvM4F2,16/01/17 14:52,6446629,848995,33638,67290861,d,Google Chrome,Mobile,1
IDpjRmkEO,17/01/17 18:17,868830,577116,3037,62689217,d,InternetExplorer,,1
IDM839z4b,10/01/17 07:12,2770036,532607,42227,83172146,d,Google Chrome,,1
IDTB9xv4h,16/01/17 05:42,1627558,981649,17714,26391770,b,Edge,Tablet,0
IDvRWvsTj,16/01/17 08:48,8123046,65793,80524,74868704,c,InternetExplorer,Desktop,1
IDKE3w6dD,20/01/17 09:04,9779987,102606,70409,51368560,c,Firefox,Mobile,0
IDxc6QxgI,20/01/17 08:29,803508,83315,97863,87807327,b,Firefox,Mobile,0
IDTzF4YWo,11/01/17 19:38,9998547,403881,79668,81758577,b,Edge,Tablet,0
IDMFJ2Ibc,11/01/17 14:56,6166900,783583,13412,77318092,b,Firefox,Mobile,0
IDSkh7m4K,20/01/17 07:02,2846249,213191,5602,72451969,b,Edge,Tablet,0
IDESmjYvr,19/01/17 13:23,5828604,19805,46450,47079934,c,InternetExplorer,Desktop,1
IDG1QlMUH,16/01/17 21:51,2211430,236545,91234,99684291,c,Safari,Tablet,1
IDx9b1shJ,20/01/17 14:31,3897992,815616,73362,67274540,b,InternetExplorer,Desktop,1
IDeRHiwvC,18/01/17 22:34,2229213,568285,92704,95441506,c,Google Chrome,,1
ID7kOlG9N,11/01/17 15:11,6650509,991876,42227,49384126,b,,Mobile,0
ID9G8Ejt9,14/01/17 12:32,6202518,612490,71642,27723861,d,InternetExplorer,,1
IDkmqWlwe,12/01/17 08:10,2207868,597011,11837,7864011,a,Firefox,Mobile,0
ID060mAst,11/01/17 18:04,,155615,97863,96206255,b,Internet Explorer,Tablet,0
IDzgBo4Ux,14/01/17 16:57,9295033,439376,26962,7122654,b,Mozilla Firefox,,0
IDR564NJQ,11/01/17 19:32,1343471,579280,8467,56546102,d,Firefox,Mobile,0
IDXGIPNKi,20/01/17 14:08,3805398,656966,40339,7122654,a,Edge,Tablet,0
IDK9OdDyy,19/01/17 07:56,8683678,25085,5602,37767166,a,Edge,Tablet,1
IDzZiYvH6,10/01/17 08:09,9947020,163906,42227,15961717,c,InternetExplorer,Desktop,1
IDCxeydRc,15/01/17 18:55,9572488,156351,70409,47941469,a,,Mobile,0
IDGBjRpFi,20/01/17 13:19,3736866,929804,73362,86409024,f,,Tablet,0
IDLSaCSS6,18/01/17 23:59,262208,747670,37815,40464414,d,InternetExplorer,Desktop,1
IDxJlPaeU,15/01/17 12:00,,330354,95113,65017662,a,,Desktop,0
IDeYl2lUI,10/01/17 18:24,7390559,746527,42227,15961717,b,Mozilla Firefox,Desktop,0
IDLLB3NOu,17/01/17 11:35,6951266,153193,45620,54630329,b,,,0
IDydXoT6t,14/01/17 06:32,,293134,80554,74868704,b,InternetExplorer,,1
IDg57oMPM,14/01/17 10:24,3750885,567719,35368,12817537,b,InternetExplorer,Desktop,1
ID1d7QWFA,17/01/17 12:34,,413822,12211,58163546,d,Google Chrome,,1
IDaXpDqzK,18/01/17 20:52,1780977,13040,98552,17990842,c,Google Chrome,Mobile,1
ID4tZTVCI,11/01/17 13:47,3183475,480435,6906,99510044,f,Firefox,,0
